"time","wind_speed","wind_direction","ship_direction","ship_speed","distance"
24,6.577233848,-33.23158015,317,9.7,8.93
3,2.52200895,-65.8902021,303,8.1,40.62
63,2.459773264,155.8446519,237,15.1,955.85
48,5.680757379,153.5528188,60,12.7,1031.7
24,6.538305889,179.3359414,356,0,84.88
6,5.994391269,9178.791629,127,15.4,53.34
18,5.405205525,9198.55869,65,14,484.83
3,6.127095553,170.1686089,75,14.9,78.76
3,7.833447131,221.1618957,86,14.5,82.93